symbol,model,date,exit_date,entry,stop,exit,qty,value,cost,exit_reason,hold_days,r_multiple,pnl,pct
PPLPHARMA,momentum,2024-09-02,2024-09-05,196.32279734171556,185.06653428294675,218.83532345925317,888,174334.6440394434,435.8366100986085,target,3,2.0,19555.286582274795,0.1121709726143152
INDUSTOWER,momentum,2024-09-02,2024-09-06,423.800506004821,404.3594328342481,404.3594328342481,471,199610.0383282707,499.0250958206767,stop,4,-1.0,-9655.770559160515,-0.04837317120936083
GRANULES,momentum,2024-09-02,2024-09-12,684.3279874999021,649.6612892773175,649.6612892773175,288,197086.4603999718,492.71615099992954,stop,8,-1.0,-10476.725239104298,-0.0531580161206538
KALYANKJIL,momentum,2024-09-02,2024-09-13,634.5960956101417,596.3049504396384,711.1783859511481,261,165629.58095424698,414.0739523856175,target,9,2.0,19573.90382661707,0.11817879218099396
DEEPAKFERT,momentum,2024-09-09,2024-09-16,1060.1253918710208,973.2028889517313,973.2028889517313,116,122974.54545703842,307.43636364259606,stop,5,-1.0,-10390.44670228018,-0.08449266198678586
OFSS,momentum,2024-09-16,2024-09-18,11362.755255769282,10815.066536777502,10815.066536777502,17,193166.83934807777,482.9170983701944,stop,2,-1.0,-9793.625321230451,-0.05070034460512546
GLENMARK,momentum,2024-09-02,2024-09-20,1686.2584344618056,1611.0330930087257,1611.0330930087257,118,198978.49526649306,497.44623816623266,stop,14,-1.0,-9374.036529629657,-0.047110802185306284
NATCOPHARM,momentum,2024-09-09,2024-09-20,1540.717188098715,1456.461025254068,1456.461025254068,119,183345.3453837471,458.36336345936775,stop,9,-1.0,-10484.846741972355,-0.0571863262742082
ICICIPRULI,momentum,2024-09-23,2024-09-25,786.5244276745339,762.0869310336376,762.0869310336376,248,195058.0580632844,487.64514515821105,stop,2,-1.0,-6548.144312100482,-0.0335702322534966
NEWGEN,momentum,2024-09-16,2024-09-26,1163.6089034397621,1074.1532713058352,1342.5201677076159,112,130324.19718525336,325.8104929631334,target,8,2.0,19712.25110503649,0.15125549614563058
NEULANDLAB,momentum,2024-09-23,2024-09-26,12366.884854192225,11686.93293802327,11686.93293802327,14,173136.38795869116,432.8409698967279,stop,3,-1.0,-9952.167796262098,-0.057481664678349406
GLENMARK,momentum,2024-09-23,2024-10-04,1714.085842576399,1630.1049957816879,1628.6306615459343,114,195405.78605370948,488.51446513427373,stop,8,-1.0175556009736064,-10230.40510260725,-0.05235466824813114
COLPAL,momentum,2024-09-30,2024-10-07,3649.824605634091,3534.3731331104177,3534.3731331104177,53,193440.7040986068,483.601760246517,stop,4,-1.0,-6602.529804001194,-0.034132060440782624
LALPATHLAB,momentum,2024-10-08,2024-10-14,1755.8282669750201,1686.169617154092,1686.169617154092,109,191385.2811002772,478.46320275069303,stop,4,-1.0,-8071.2560332318535,-0.04217281489375811
DIXON,momentum,2024-09-16,2024-10-15,13992.77250514242,13295.846496800292,15386.624521826678,14,195898.8150719939,489.7470376799847,target,20,2.0,19024.18119589962,0.09711228313917125
VIJAYA,momentum,2024-10-15,2024-10-17,1089.7902264189213,1004.612394283636,1004.612394283636,114,124236.08581175703,310.5902145293926,stop,2,-1.0,-10020.863077951912,-0.08065984220668027
BALRAMCHIN,momentum,2024-09-30,2024-10-22,636.4257079132075,609.7071322056929,609.7071322056929,308,196019.1180372679,490.0477950931698,stop,15,-1.0,-8719.369113007653,-0.044482238264891553
AJANTPHARM,momentum,2024-10-15,2024-10-22,3204.6717534993145,3021.139908255269,3021.139908255269,53,169847.60293546366,424.6190073386592,stop,5,-1.0,-10151.806805273076,-0.059770091716457245
WHIRLPOOL,momentum,2024-09-30,2024-10-25,2261.9492194254854,2151.6715339470675,2151.6715339470675,86,194527.63287059174,486.31908217647936,stop,18,-1.0,-9970.200033320418,-0.051253386915744915
JUBLPHARMA,momentum,2024-10-08,2024-10-25,1139.20865520616,1045.0779451644196,1045.0779451644196,102,116199.28283102832,290.49820707757084,stop,13,-1.0,-9891.8306313351,-0.0851281556162386
CARTRADE,momentum,2024-10-22,2024-11-01,975.0,915.0117903523751,1094.9764192952498,157,153075.0,382.6875,target,8,2.0,18453.61032935422,0.12055273773871775
JUBLPHARMA,momentum,2024-10-29,2024-11-01,1082.644475385634,1012.7845423843312,1223.4110903965197,132,142909.0707509037,357.27267687725924,target,3,2.014983538679612,18223.920504559657,0.12752109022054095
WOCKPHARMA,momentum,2024-10-22,2024-11-04,1054.949951171875,944.8776997556041,1275.0944540044168,86,90725.69580078125,226.81423950195312,target,9,2.0,18705.613004096638,0.20617767479205779
COHANCE,momentum,2024-10-15,2024-11-05,1207.699951171875,1140.0011960301433,1343.0974614553384,144,173908.79296875,434.771982421875,target,15,2.0,19062.469498396847,0.10961187857719315
GLENMARK,momentum,2024-11-05,2024-11-07,1719.1185977828134,1641.2373197613588,1641.2373197613588,116,199417.75734280635,498.5443933570159,stop,2,-1.0,-9532.77264384575,-0.047803028029537856
COHANCE,momentum,2024-11-05,2024-11-11,1351.0,1266.0914860801158,1266.0914860801158,118,159418.0,398.545,stop,4,-1.0,-10417.749642546332,-0.0653486409473606
MCX,momentum,2024-10-22,2024-11-12,1275.193205854869,1216.9132228837389,1216.9132228837389,148,188728.5944665206,471.8214861663015,stop,15,-1.0,-9097.258965893549,-0.048202865027468594
JUBLPHARMA,momentum,2024-11-05,2024-11-13,1229.5528431348398,1132.226309915617,1132.226309915617,102,125414.38999975366,313.53597499938417,stop,6,-1.0,-10240.842363360101,-0.08165603933791184
PAYTM,momentum,2024-11-12,2024-11-25,791.0,728.7077127344351,915.5845745311299,156,123396.0,308.49,target,7,2.0,19126.70362685626,0.15500262266893788
ASTERDM,momentum,2024-11-12,2024-11-27,431.9797341019861,411.41756455161976,473.1040732027187,450,194390.88034589373,485.97720086473436,target,9,2.0,18019.975394464953,0.09269969538900544
DEEPAKFERT,momentum,2024-10-29,2024-11-28,1306.6662675536054,1106.7435564509783,1333.9337158203125,46,60106.648307465846,150.2666207686646,time,20,0.13638994847718827,1104.0359994998623,0.01836795147605544
FSL,momentum,2024-10-29,2024-11-28,333.39511783023977,303.142766694047,349.268798828125,306,102018.90605605337,255.04726514013342,time,20,0.5247090028283639,4602.299120212748,0.045112217902866514
COFORGE,momentum,2024-11-12,2024-12-02,1597.5770473190207,1532.3512965832633,1728.0285487905355,121,193306.8227256015,483.26705681400375,target,12,2.0,15301.364621239287,0.07915584357288585
ABSLAMC,momentum,2024-11-05,2024-12-05,784.7316054486968,735.3010442080554,809.0853271484375,202,158515.78430063673,396.28946075159183,time,20,0.49268551860417287,4523.162322596036,0.02853446010157278
COFORGE,momentum,2024-12-05,2024-12-12,1729.8823640975372,1687.1596288048127,1815.3278346829863,118,204126.1189635094,510.31529740877346,target,5,2.0,9572.250231674223,0.04689380408680286
JUBLPHARMA,momentum,2024-11-28,2024-12-13,1177.3473979663288,1089.4951595945183,1089.4951595945183,114,134217.60336816148,335.5440084204037,stop,11,-1.0,-10350.699182806797,-0.07711879010694767
NEULANDLAB,momentum,2024-11-28,2024-12-16,16615.50666603391,15066.450456249488,15066.450456249488,6,99693.03999620347,249.23259999050867,stop,12,-1.0,-9543.569858697047,-0.09572955001733809
KAYNES,momentum,2024-12-12,2024-12-17,6584.75,6246.166560210046,7261.916879579909,30,197542.5,493.85625,target,3,2.0,19821.15013739726,0.10033866199626541
DEEPAKFERT,momentum,2024-11-28,2024-12-18,1338.1741111608271,1233.4324903444199,1233.4324903444199,96,128464.7146714394,321.1617866785985,stop,14,-1.0,-10376.357385053694,-0.08077204243665044
TECHM,momentum,2024-12-05,2024-12-20,1702.2327132680182,1636.1163749812133,1636.1163749812133,120,204267.92559216218,510.6698139804055,stop,11,-1.0,-8444.63040839699,-0.041340951517064864
INDHOTEL,momentum,2024-12-19,2024-12-20,872.5865687769256,846.6767824239562,846.6767824239562,234,204185.25709380058,510.46314273450145,stop,1,-1.0,-6573.353149329336,-0.03219308407908023
SYRMA,reversal,2024-11-28,2024-12-27,581.2284556753795,486.853520796999,594.5401611328125,106,61610.21630159022,154.02554075397555,time,20,0.1410512809845924,1257.0152377339277,0.02040270775192008
ACUTAAS,momentum,2024-11-28,2024-12-27,1052.927930806903,974.0227265853214,1127.5518798828125,127,133721.84721247668,334.3046180311917,time,20,0.9457417899375857,9142.936914609305,0.06837279850076913
ACUTAAS,momentum,2024-12-27,2024-12-30,1133.2211796604436,1053.973469858539,1053.973469858539,128,145052.31099653678,362.630777491342,stop,1,-1.0,-10506.337632135137,-0.07243137017228207
TARIL,momentum,2024-12-27,2025-01-03,545.5986906870365,504.86006308149456,627.0759458981205,250,136399.67267175912,340.9991816793978,target,5,2.0,20028.31462109159,0.146835503552043
OBEROIRLTY,momentum,2024-12-19,2025-01-10,2285.764478826306,2163.94972504812,2163.94972504812,84,192004.2162214097,480.01054055352427,stop,15,-1.0,-10712.449857921154,-0.05579278449577425
MANKIND,momentum,2024-12-19,2025-01-10,2906.654147594281,2743.693110098595,2743.693110098595,62,180212.55715084542,450.53139287711355,stop,15,-1.0,-10554.115717609646,-0.058564818592388164
LAURUSLABS,momentum,2025-01-03,2025-01-10,613.3437864490476,586.8926117655236,586.8926117655236,335,205470.16846043093,513.6754211510773,stop,5,-1.0,-9374.818940131605,-0.045626180240062396
SYRMA,reversal,2024-12-27,2025-01-13,597.2822807032718,535.2145233550465,535.2145233550465,164,97954.29403533657,244.88573508834142,stop,11,-1.0,-10423.997940197292,-0.10641695744789792
KIMS,momentum,2025-01-10,2025-01-13,657.0,619.3842437277275,619.3842437277275,265,174105.0,435.2625,stop,1,-1.0,-10403.437912152214,-0.059753814721875964
ANANTRAJ,momentum,2025-01-10,2025-01-13,876.6027275862206,828.307081956535,828.307081956535,206,180580.16188276143,451.45040470690356,stop,1,-1.0,-10400.353404422143,-0.05759410832278683
HCLTECH,momentum,2025-01-10,2025-01-14,1853.237728643335,1790.3180601821987,1790.3180601821987,107,198296.43696483684,495.74109241209214,stop,2,-1.0,-7228.145617753679,-0.03645121278218135
FORTIS,momentum,2024-12-27,2025-01-15,684.4136558288933,648.0186071852711,648.0186071852711,280,191635.82363209012,479.0895590802253,stop,13,-1.0,-10669.703179294442,-0.05567697613666718
BSE,momentum,2025-01-17,2025-01-22,2011.6721740340463,1873.524723647042,1873.524723647042,68,136793.70783431514,341.98426958578784,stop,3,-1.0,-9736.010895902076,-0.07117294391708685
COROMANDEL,momentum,2025-01-17,2025-01-22,1852.7246297885317,1775.4638513159512,1775.4638513159512,102,188977.91223843023,472.4447805960756,stop,3,-1.0,-8353.044184799293,-0.04420116661179111
CHOICEIN,momentum,2025-01-17,2025-01-24,545.8499755859375,519.1971999045171,519.1971999045171,347,189409.9415283203,473.5248538208008,stop,5,-1.0,-9722.038015273678,-0.05132802395073889
BIOCON,momentum,2025-01-17,2025-01-27,394.0013919299224,372.9130263829821,372.9130263829821,450,177300.62636846508,443.2515659211627,stop,6,-1.0,-9933.016062044315,-0.05602358133468509
ASTERDM,momentum,2025-01-17,2025-01-27,490.4246364415528,469.00573856154847,469.00573856154847,387,189794.33430288095,474.4858357572024,stop,6,-1.0,-8763.599315318887,-0.046174188220674726
LLOYDSME,momentum,2025-01-24,2025-01-27,1365.1632751070867,1294.278885589761,1294.278885589761,130,177471.22576392128,443.6780644098032,stop,1,-1.0,-9658.648701662138,-0.05442374480756912
BSE,momentum,2025-01-24,2025-01-27,1892.0323019293287,1818.8369758205802,1818.8369758205802,97,183527.13328714488,458.81783321786224,stop,1,-1.0,-7558.76446576647,-0.04118608693102668
ITI,reversal,2025-01-03,2025-01-28,473.3999938964844,311.39597516962135,311.39597516962135,63,29824.199615478516,74.56049903869629,stop,17,-1.0,-10280.813678831068,-0.3447138166784335
ZENSARTECH,momentum,2025-01-24,2025-01-28,796.7289199107366,745.0109620039234,745.0109620039234,178,141817.7477441111,354.5443693602778,stop,2,-1.0,-9560.340876773034,-0.06741286636439353
BAJFINANCE,momentum,2025-01-31,2025-02-05,778.3826029398437,746.830816800922,841.486175217687,222,172800.9378526453,432.00234463161325,target,4,2.0,13576.990701049608,0.07857012160794685
WOCKPHARMA,momentum,2025-02-06,2025-02-10,1649.0,1523.270170036841,1523.270170036841,69,113781.0,284.4525,stop,2,-1.0,-8959.810767457977,-0.07874610670901097
SARDAEN,momentum,2025-01-31,2025-02-11,466.3359251909655,439.6731411854806,439.6731411854806,324,151092.83976187283,377.7320994046821,stop,8,-1.0,-9016.474117181797,-0.05967505893324958
BSE,momentum,2025-02-06,2025-02-11,1822.767249010343,1724.1402805564462,1724.1402805564462,89,162226.28516192053,405.56571290480133,stop,3,-1.0,-9183.365905301614,-0.05660837204116187
KIMS,momentum,2025-01-31,2025-02-14,609.2000122070312,576.0120526044052,576.0120526044052,260,158392.00317382812,395.9800079345703,stop,11,-1.0,-9024.849504617343,-0.05697793653580462
ACUTAAS,momentum,2025-01-31,2025-02-14,1190.8375881628158,1093.2106713049818,1093.2106713049818,88,104793.70775832779,261.98426939581947,stop,11,-1.0,-8853.15295288521,-0.08448172263645919
MUTHOOTFIN,momentum,2025-02-13,2025-02-17,2279.5911356237016,2164.491503460493,2164.491503460493,74,168689.74403615392,421.72436009038483,stop,2,-1.0,-8939.097140167833,-0.05299134924439738
NAVINFLUOR,momentum,2025-01-31,2025-02-24,4105.745272941385,3897.982949238709,3897.982949238709,41,168335.5561905968,420.838890476492,stop,17,-1.0,-8939.094162286226,-0.053102828449178005
WIPRO,momentum,2025-02-20,2025-02-24,295.66862998951336,285.09749615009133,285.09749615009133,558,164983.09553414845,412.4577388353711,stop,2,-1.0,-6311.150421232865,-0.0382533155945457
J&KBANK,reversal,2025-02-20,2025-03-03,97.97074563517576,88.85865668231956,88.85865668231956,906,88761.49554546924,221.9037388636731,stop,6,-1.0,-8477.456330151388,-0.09550826378098486
SBICARD,momentum,2025-02-13,2025-03-04,855.4383137783988,813.8346299077781,813.8346299077781,199,170232.22444190134,425.5805611047534,stop,12,-1.0,-8704.713651358266,-0.05113434709495383
ACUTAAS,momentum,2025-03-07,2025-03-11,1221.3065464550739,1122.7579976412353,1122.7579976412353,80,97704.5237164059,244.26130929101478,stop,2,-1.0,-8128.145214398101,-0.0831910837413281
KOTAKBANK,momentum,2025-02-28,2025-03-19,380.015027010229,367.7685720536207,406.6782142283784,426,161886.40150635756,404.7160037658939,target,12,2.1772167792738797,10953.80175116575,0.06766350755369391
SRF,momentum,2025-02-20,2025-03-21,2781.9104113078693,2657.152984739772,3031.425264444064,59,164132.7142671643,410.33178566791076,target,19,2.0,14311.044549367574,0.08719190816568725
SHREECEM,momentum,2025-02-28,2025-03-24,27083.48231070923,26037.778147949142,29174.890636229407,5,135417.41155354615,338.54352888386535,target,15,2.0,10118.498098717018,0.07472080571201885
SARDAEN,momentum,2025-03-17,2025-03-25,534.4529418945312,497.6444597336457,497.6444597336457,213,113838.47662353516,284.5961915588379,stop,6,-1.0,-8124.8028918274595,-0.07137132481749782
CARTRADE,momentum,2025-03-24,2025-03-26,1785.0,1646.5587943139512,1646.5587943139512,59,105315.0,263.2875,stop,2,-1.0,-8431.318635476877,-0.08005809842355673
LAURUSLABS,momentum,2025-03-24,2025-04-04,624.707603943206,590.3512907946528,590.3512907946528,238,148680.40973848302,371.7010243462076,stop,8,-1.0,-8548.503553701876,-0.05749582993978838
ACUTAAS,momentum,2025-03-24,2025-04-04,1245.7316478183538,1152.0371684796446,1152.0371684796446,87,108378.65336019678,270.946633400492,stop,8,-1.0,-8422.366335868197,-0.07771240991412245
SBICARD,momentum,2025-03-07,2025-04-07,831.8856397496817,799.1333420397726,760.8345327155733,190,158058.27155243952,395.1456788810988,stop,19,-2.169347252013167,-13894.856015361682,-0.08790970493911633
BAJAJFINSV,momentum,2025-04-01,2025-04-07,1943.6936774439228,1859.177364460353,1832.5426788155612,82,159382.88155040165,398.45720387600414,stop,4,-1.3151425411798259,-9512.83909140165,-0.05968545052558487
MUTHOOTFIN,momentum,2025-04-08,2025-04-09,2260.5375768214326,2139.27668957001,2139.27668957001,62,140153.32976292883,350.38332440732205,stop,1,-1.0,-7868.558333995514,-0.056142500126863074
BSE,momentum,2025-04-08,2025-04-22,1822.8334684046936,1684.653761914218,2103.804677173456,55,100255.84076225814,250.63960190564538,target,7,2.033375347979403,15202.7768803763,0.15163981235195492
FORCEMOT,reversal,2025-03-24,2025-04-25,8885.050568431547,6423.518106642405,9115.3857421875,3,26655.15170529464,66.6378792632366,time,20,0.09357389241518932,624.3676420046232,0.023423901274611844
SHREECEM,momentum,2025-03-24,2025-04-25,29481.724971860745,28256.37949181042,30315.552734375,5,147408.62485930373,368.5215621482593,time,20,0.6804838113737603,3800.6172504230135,0.0257828689064196
RBLBANK,reversal,2025-04-01,2025-05-05,175.3964489215876,148.47911647415773,203.10369873046875,298,52268.1417786331,130.67035444658276,time,20,1.0293460491671687,8126.090088600003,0.15546927463034277
SUNDARMFIN,momentum,2025-04-17,2025-05-08,5186.618727157638,4891.227131738696,4891.227131738696,25,129665.46817894095,324.1636704473524,stop,13,-1.0,-7708.953555920913,-0.05945263348976153
DMART,reversal,2025-04-08,2025-05-12,4053.85009765625,3699.6208519664065,4023.5,21,85130.85205078125,212.82713012695314,time,20,-0.08567925439680939,-850.1791809082031,-0.009986734073812209
MANAPPURAM,momentum,2025-04-08,2025-05-12,225.16303175850615,215.00913429577915,227.95904541015625,678,152660.53553226718,381.65133883066795,time,20,0.2753635893915342,1514.0459169880994,0.009917729632673025
HINDPETRO,reversal,2025-04-08,2025-05-12,341.18307827996387,290.2825221419072,356.59130859375,150,51177.46174199458,127.94365435498645,time,20,0.3027124157935458,2183.290892712934,0.042661179714612446
BHARTIHEXA,momentum,2025-05-12,2025-05-16,1728.3568673489265,1626.234420505778,1626.234420505778,76,131355.12191851842,328.38780479629605,stop,4,-1.0,-8089.693764875583,-0.06158643566174559
REDINGTON,momentum,2025-05-12,2025-05-20,249.92686197286216,232.54226113396865,287.1718244888319,447,111717.30730186938,279.2932682546735,target,6,2.1424111408208946,16369.20497638379,0.14652344718757718
FORCEMOT,reversal,2025-04-25,2025-05-26,9228.314608165876,7819.170430975352,10529.232421875,5,46141.57304082938,115.35393260207346,time,20,0.9231970970513637,6389.235135943546,0.1384702496009378
SBICARD,momentum,2025-04-25,2025-05-26,863.0264907706279,824.1441090316737,903.3353271484375,179,154481.7418479424,386.204354619856,time,20,1.0366864007568313,6829.077357008063,0.04420637206259609
AXISBANK,reversal,2025-04-25,2025-05-26,1164.4060709863415,1014.7741797385231,1213.2266845703125,51,59384.709620303416,148.46177405075855,time,20,0.32627144639316813,2341.3895187317603,0.03942748114291103
POWERINDIA,momentum,2025-05-26,2025-05-29,16421.31634213169,15223.531173361534,18816.886679672,6,98527.89805279014,246.31974513197537,target,3,2.0,14127.102280109884,0.1433817483099126
GLAXO,reversal,2025-05-05,2025-06-02,2783.1439365779647,2480.8592533562833,3189.899658203125,25,69578.59841444912,173.94649603612282,time,20,1.3456048030288874,9994.946544592885,0.14364972523673705
MANAPPURAM,momentum,2025-05-12,2025-06-06,227.68241259441513,220.07366824555547,242.89990129213444,683,155507.08780198553,388.76771950496385,target,19,2.0,10004.77706103733,0.06433646981915629
SYRMA,reversal,2025-05-12,2025-06-09,543.4371621248971,430.96015983869614,545.9299926757812,69,37497.1641866179,93.74291046654474,time,20,0.022163024442463996,78.26239754446163,0.0020871551020488145
ANURAS,momentum,2025-05-26,2025-06-11,994.3510488990939,936.5592650461044,1109.934616605073,138,137220.44474807495,343.0511118701874,target,12,2.0,15607.481231554917,0.11374020292828028
GODFRYPHLP,momentum,2025-05-19,2025-06-16,2760.8915012311927,2543.6166258760795,2692.982177734375,35,96631.20254309174,241.57800635772935,time,20,-0.3125502816919213,-2618.404328746349,-0.027096882371702838
CCL,reversal,2025-05-19,2025-06-16,761.3529804766121,558.5293498366063,801.002685546875,37,28170.060277634646,70.42515069408661,time,20,0.19548858752379655,1396.613936905642,0.04957795344209719
AUBANK,momentum,2025-06-02,2025-06-18,723.404479140818,690.6701344231528,788.8731685761484,228,164936.2212441065,412.3405531102663,target,12,2.0,14514.520638145055,0.08800080739489893
DATAPATTNS,reversal,2025-05-26,2025-06-23,2817.38680063252,2024.4969380799919,3008.097900390625,10,28173.868006325203,70.43467001581301,time,20,0.2405265961455907,1836.6763275652356,0.06519077633049501
BHEL,reversal,2025-05-26,2025-06-23,260.59999371130596,206.41527255973872,252.4534454345703,148,38568.79906927328,96.4219976731832,time,20,-0.150347701411028,-1302.1111426300583,-0.03376073857760884
SCHAEFFLER,reversal,2025-05-26,2025-06-23,3976.2834344773914,3406.1998804457858,3868.371337890625,14,55667.96808268348,139.1699202067087,time,20,-0.1892917201761336,-1649.9392724214388,-0.02963893472761191
ANGELONE,reversal,2025-06-02,2025-06-30,310.84945821319525,232.8002493898504,286.7447509765625,105,32639.193112385503,81.59798278096376,time,20,-0.30883986654100365,-2612.5922426274024,-0.08004463326135379
POONAWALLA,momentum,2025-06-23,2025-07-04,437.5,418.9281839988729,474.6436320022542,395,172812.5,432.03125,target,9,2.0,14239.703390890412,0.08239973029086677
HBLENGINE,reversal,2025-06-09,2025-07-07,602.2474882655737,528.984716271478,633.536376953125,114,68656.2136622754,171.64053415568853,time,20,0.42707759802035483,3395.292776225162,0.049453539528509956
DELHIVERY,reversal,2025-06-09,2025-07-07,373.0,335.1614967771926,396.1000061035156,221,82433.0,206.0825,time,20,0.6104894257443025,4899.018848876953,0.05943031126947888
FACT,reversal,2025-06-16,2025-07-14,1042.6387001655119,849.0032202780891,903.8934326171875,43,44833.46410711701,112.08366026779254,time,20,-0.7165281260902656,-6078.13016484574,-0.13557128109315286
AUBANK,reversal,2025-06-16,2025-07-14,779.7302693109347,678.8382070792522,804.1690673828125,84,65497.342622118515,163.7433565552963,time,20,0.24222716367674263,1889.1156814824424,0.028842630950411813
BEL,momentum,2025-06-16,2025-07-14,402.59795623517454,386.6743735591342,404.08612060546875,422,169896.33753124365,424.7408438281091,time,20,0.09345662974032877,203.26452043604928,0.0011964031914382454
AFFLE,momentum,2025-07-07,2025-07-18,1987.0,1893.412456558407,1893.412456558407,89,176843.0,442.1075,stop,9,-1.0,-8771.398866301775,-0.04959992120865273
CEMPRO,momentum,2025-07-14,2025-07-18,864.5251211064154,803.565053905181,803.565053905181,144,124491.61743932382,311.22904359830954,stop,4,-1.0,-9089.47872057607,-0.07301277714546689
JMFINANCIL,reversal,2025-06-23,2025-07-21,137.320374633307,119.40410257279538,165.2915802001953,482,66188.42057325398,165.47105143313496,time,20,1.5612179516149598,13316.650031807027,0.20119304731057655
HOMEFIRST,reversal,2025-06-23,2025-07-21,1302.911006486926,1181.4353162848397,1368.0068359375,71,92506.68146057175,231.2667036514294,time,20,0.535875361912173,4390.537187339324,0.04746183862633383
360ONE,reversal,2025-06-23,2025-07-21,1152.8600830032394,962.2158738203632,1208.0078125,45,51878.70373514578,129.69675933786445,time,20,0.2892704149427371,2351.9510680163617,0.04533557893087848
BLUEJET,momentum,2025-07-21,2025-07-22,1011.1040428624872,944.4566253715092,944.4566253715092,132,133465.7336578483,333.66433414462074,stop,1,-1.0,-9131.123442953718,-0.06841548907498755
AIIL,momentum,2025-07-21,2025-07-25,577.97998046875,542.0192214720217,542.0192214720217,245,141605.09521484375,354.0127380371094,stop,4,-1.0,-9164.398692235533,-0.06471800098952142
GABRIEL,momentum,2025-06-30,2025-07-28,837.4793090820312,660.378704239435,978.14404296875,48,40199.0068359375,100.49751708984375,time,20,0.7942645594674225,6651.409709472657,0.16546204080659935
GALLANTT,momentum,2025-07-14,2025-07-28,578.8800019436397,536.2844896661161,664.071026498687,206,119249.28040038979,298.12320100097446,target,10,2.0,17251.22785733877,0.1446652575128024
PARADEEP,momentum,2025-07-21,2025-07-29,187.2857592848843,171.82184414444282,218.21358956576728,570,106752.88279238406,266.8822069809602,target,6,2.0,17361.981053122334,0.16263711666586458
DALBHARAT,momentum,2025-07-21,2025-07-29,2263.104896397016,2178.7751410448536,2178.7751410448536,77,174259.07702257024,435.6476925564256,stop,6,-1.0,-6929.0388546729355,-0.03976285753984269
GVT&D,momentum,2025-07-07,2025-07-31,2342.2007129691183,2206.558087733512,2715.093017578125,65,152243.0463429927,380.60761585748173,target,18,2.749079088975948,23857.392183727952,0.1567059564085374
CCL,momentum,2025-08-04,2025-08-06,926.2303474259952,867.6171833654972,845.3983727496603,157,145418.16454588124,363.5454113647031,stop,2,-1.3790754341960383,-13054.16543554928,-0.08976984048942886
ERIS,momentum,2025-08-04,2025-08-06,1802.3283044000607,1705.324072926169,1705.324072926169,95,171221.18891800576,428.0529722950144,stop,2,-1.0,-9643.454962314721,-0.05632162130898863
FORTIS,momentum,2025-07-28,2025-08-11,845.7528429266339,815.2064815677481,906.8455656444054,210,177608.0970145931,444.0202425364828,target,10,2.0,12385.451528195532,0.06973472345226403
FORCEMOT,momentum,2025-08-11,2025-08-21,18586.967525412616,17139.08642483017,21482.72972657751,6,111521.80515247569,278.8045128811892,target,7,2.0,17095.768694108167,0.15329530104659228
ANURAS,momentum,2025-07-28,2025-08-26,1130.0999755859375,1091.874943575593,1124.300048828125,157,177425.6961669922,443.5642404174805,time,20,-0.15173111578410006,-1354.152741394043,-0.007632224478462923
INDIANB,momentum,2025-08-11,2025-08-29,662.4382957793063,635.6978530366213,635.6978530366213,275,182170.5313393092,455.42632834827305,stop,12,-1.0,-7809.048082586646,-0.042866692132777405
GVT&D,momentum,2025-08-04,2025-09-03,2801.9183306517352,2608.7140477104126,2810.443603515625,47,131690.16154063155,329.2254038515789,time,20,0.04412569294066296,71.46242075124019,0.0005426557300500482
AADHARHFC,momentum,2025-08-11,2025-09-10,508.8999938964844,485.32583512525747,517.7999877929688,358,182186.1978149414,455.46549453735355,time,20,0.3775317703954354,2730.7323204040526,0.014988689336268153
JMFINANCIL,momentum,2025-08-11,2025-09-10,162.30722162295297,145.88038914154805,171.31886291503906,555,90080.50800073889,225.20127000184723,time,20,0.5485927553158666,4776.259647105936,0.053022121578918696
INDIACEM,momentum,2025-09-03,2025-09-10,410.95001220703125,385.2744452335645,385.2744452335645,358,147120.1043701172,367.800260925293,stop,5,-1.0,-9559.653237426386,-0.06497856481515743
AIIL,momentum,2025-08-26,2025-09-24,625.7999877929688,585.4335034040074,611.9000244140625,229,143308.19720458984,358.2704930114746,time,20,-0.34434416544600915,-3541.362106781006,-0.024711511105853085
BOSCHLTD,momentum,2025-08-26,2025-09-24,39440.45713830465,37957.58915574372,38506.60546875,4,157761.8285532186,394.4045713830465,time,20,-0.629760491518522,-4129.811249601645,-0.026177506228691527
KAYNES,momentum,2025-09-24,2025-09-29,7455.0,7141.555132788227,7141.555132788227,24,178920.0,447.3,stop,3,-1.0,-7969.976813082559,-0.044544918472404195
GABRIEL,momentum,2025-09-10,2025-09-30,1258.1199675814235,1177.1061112030343,1177.1061112030343,113,142167.55633670086,355.41889084175216,stop,14,-1.0,-9509.984661599728,-0.06689279120108718
SYRMA,momentum,2025-09-03,2025-10-01,802.5918716343365,742.763186517513,803.2783203125,153,122796.55636005348,306.9913909001337,time,20,0.011473571194538741,-201.9647431411159,-0.0016447101541588209
ESCORTS,reversal,2025-09-03,2025-10-01,3825.203901868815,3254.273357693297,3578.946533203125,16,61203.26242990104,153.0081560747526,time,20,-0.43132631662107135,-4093.126054725795,-0.06687757959657532
TVSMOTOR,momentum,2025-09-10,2025-10-03,3483.1254115392494,3368.8255759077238,3368.8255759077238,52,181122.52140004098,452.80630350010244,stop,16,-1.0,-6396.397756339436,-0.035315308703172614
CARTRADE,momentum,2025-09-10,2025-10-09,2450.0,2243.170261685128,2475.0,44,107800.0,269.5,time,20,0.12087236682541598,830.5,0.007704081632653061
FORTIS,momentum,2025-10-01,2025-10-09,995.0443977494667,957.259304502126,1070.614584244148,178,177117.90279940507,442.7947569985127,target,5,2.0,13008.69843905477,0.073446547375777
TATASTEEL,momentum,2025-10-09,2025-10-13,172.44372797158246,167.7737969234966,167.7737969234966,1039,179169.03336247418,447.9225834061854,stop,2,-1.0,-5299.9809423673905,-0.029580898232816153
UNOMINDA,momentum,2025-10-09,2025-10-14,1263.4160696091758,1199.0262660404828,1199.0262660404828,139,175614.83367567544,439.0370841891886,stop,3,-1.0,-9389.219780237512,-0.053464844533449116
ABDL,momentum,2025-10-01,2025-10-21,531.3987430068942,499.7508075963806,594.6946138279213,280,148791.64804193037,371.97912010482594,target,13,2.0,17350.86470978278,0.11661181886293245
NYKAA,momentum,2025-10-09,2025-10-23,263.0,253.1388846048592,253.1388846048592,681,179103.0,447.7575,stop,9,-1.0,-7163.177084090894,-0.039994735342740735
ABCAPITAL,momentum,2025-10-01,2025-10-30,300.6000061035156,287.2207176939952,327.3585829225565,591,177654.60360717773,444.1365090179443,target,19,2.0,15370.182391035201,0.08651721981278397
RBLBANK,momentum,2025-10-16,2025-10-31,304.2123902182348,291.650778429319,329.3356137960664,579,176138.97393635797,440.34743484089495,target,10,2.0,14105.9990167236,0.08008448500341746
NATIONALUM,momentum,2025-10-24,2025-11-10,229.63193598094668,219.3346157438723,250.22657645509545,776,178194.38232121462,445.4859558030366,target,10,2.0,15535.955052136413,0.0871854367671994
GABRIEL,momentum,2025-11-10,2025-11-14,1280.0350720369363,1187.7454529335546,1187.7454529335546,101,129283.54227573056,323.2088556893264,stop,4,-1.0,-9644.46038513088,-0.07459928940190683
ANANDRATHI,momentum,2025-10-16,2025-11-17,1548.6119182470031,1463.6540449586544,1514.4788818359375,103,159507.02757944132,398.7675689486033,time,20,-0.4017642519748276,-3914.4703192883635,-0.02454105238302927
CANBK,momentum,2025-10-31,2025-11-17,133.2735934275025,127.6132775214727,144.59422523956212,1382,184184.10611680846,460.4602652920212,target,10,2.0,15184.652898974367,0.08244279715071805
LAURUSLABS,momentum,2025-11-17,2025-11-19,1026.9775490769562,987.0641360503873,987.0641360503873,182,186909.91393200602,467.27478483001505,stop,2,-1.0,-7731.515955665543,-0.04136493240523405
INDIANB,momentum,2025-10-24,2025-11-24,806.7637512484413,771.5604106519831,836.9213256835938,221,178294.7890259055,445.7369725647638,time,20,0.8566679731010151,6219.086977603932,0.03488092395510406
ACUTAAS,momentum,2025-11-24,2025-11-26,1880.0,1766.9087277906801,1766.9087277906801,82,154160.0,385.40000000000003,stop,2,-1.0,-9658.884321164229,-0.06265493202623397
EICHERMOT,momentum,2025-11-24,2025-11-27,7183.277850058119,6973.031023101764,6973.031023101764,26,186765.2241015111,466.91306025377776,stop,3,-1.0,-5933.330561119011,-0.03176892587826796
ABCAPITAL,momentum,2025-10-31,2025-11-28,325.6499938964844,311.7165394095297,353.5169028703938,565,183992.24655151367,459.9806163787842,target,19,2.0,15284.82295388003,0.08307319053034458
HEROMOTOCO,momentum,2025-11-17,2025-12-01,5625.9742909545,5415.744898127966,6046.433076607569,33,185657.1516014985,464.14287900374626,target,10,2.0,13410.997047547526,0.07223528386524745
SHRIRAMFIN,momentum,2025-12-01,2025-12-03,850.936576322239,819.2594394773337,819.2594394773337,223,189758.8565198593,474.3971412996483,stop,2,-1.0,-7538.398657713544,-0.03972620195950964
BANKBARODA,momentum,2025-12-01,2025-12-03,287.694803757784,277.3679065786382,277.3679065786382,660,189878.57048013742,474.6964262003436,stop,2,-1.0,-7290.448564436546,-0.03839532047245519
IIFL,momentum,2025-12-01,2025-12-05,582.688591959145,559.8034536233105,556.8795662199582,326,189956.48097868127,474.8912024467032,stop,4,-1.1277635887729789,-8888.633593421611,-0.0467929998893756
ASAHIINDIA,momentum,2025-11-17,2025-12-15,1000.046927540862,952.430832418802,1007.6314086914062,187,187008.7754501412,467.521938625353,time,20,0.15928398015633144,950.7760365264137,0.005084125246196813
ABCAPITAL,momentum,2025-12-01,2025-12-18,356.1000061035156,344.37877987776767,344.37877987776767,533,189801.30325317383,474.5032581329346,stop,13,-1.0,-6721.916836456594,-0.03541554626466555
NATIONALUM,momentum,2025-12-08,2025-12-18,261.28443668261355,253.489703266847,276.87390351414666,708,184989.38117129038,462.473452928226,target,8,2.0,10574.86906379722,0.057164735601798945
HINDCOPPER,momentum,2025-12-08,2025-12-22,359.5571517230341,341.52063230186997,395.6301905653624,513,184452.8188339165,461.1320470847913,target,10,2.0,18044.336879029623,0.0978263004767466
VEDL,momentum,2025-12-15,2025-12-22,538.9982513615288,521.323284397968,580.3083669175189,343,184876.40021700438,462.19100054251095,target,5,2.3372103405429967,13707.178635162107,0.07414239253400046
CUB,momentum,2025-12-08,2025-12-24,197.05389465897076,185.353332863993,220.4550182489263,791,155869.63067524586,389.67407668811467,target,12,2.0,18120.61468296672,0.11625494077625033
FEDERALBNK,momentum,2025-12-22,2025-12-24,269.37969699725284,261.84419150255735,261.84419150255735,714,192337.10365603853,480.84275914009635,stop,2,-1.0,-5861.193682352672,-0.030473546554150042
NATIONALUM,momentum,2025-12-22,2025-12-29,285.30045842974647,274.05248680633866,307.7964016765621,674,192292.50898164912,480.7312724541228,target,4,2.0,14681.534475899602,0.07635000735936463
ASHOKLEY,momentum,2025-12-30,2026-01-05,175.48638086873217,169.81374985384235,186.8316428985118,1127,197773.15123906115,494.43287809765286,target,4,2.0,12291.677429463994,0.06215038468293531
CUB,momentum,2025-12-30,2026-01-08,221.35127154753917,210.09393713415864,210.09393713415864,879,194567.76769028694,486.4194192257174,stop,7,-1.0,-10381.616368587207,-0.05335732887223473
MUTHOOTFIN,momentum,2026-01-06,2026-01-08,3925.8053664575286,3787.1533638532333,3787.1533638532333,51,200216.07368933395,500.5401842233349,stop,2,-1.0,-7571.792317042399,-0.03781810409883075
LAURUSLABS,momentum,2025-12-22,2026-01-12,1067.4372784947739,1027.8451196519238,1027.8451196519238,180,192138.7101290593,480.3467753226482,stop,14,-1.0,-7606.935367035656,-0.03959085268099327
JKTYRE,momentum,2025-12-22,2026-01-21,487.8909996712815,464.0891875087386,505.8602294921875,394,192229.05387048493,480.5726346762123,time,20,0.7549521733132684,6599.303914760744,0.034330418747246454
HINDZINC,momentum,2026-01-13,2026-01-27,628.5164492168757,588.8039567311673,719.8477125036038,245,153986.53005813455,384.9663251453364,target,8,2.2998119123244707,21991.19318010306,0.1428124471133983
VEDL,momentum,2026-01-13,2026-01-28,636.3720426739387,604.8379261811119,699.4402756595923,306,194729.84505822524,486.8246126455631,target,9,2.0,18812.054680964437,0.09660591408235103
TCS,reversal,2025-12-30,2026-01-29,3122.461816571668,3017.689079338611,3085.41796875,63,196715.09444401506,491.78773611003766,time,20,-0.35356380676842886,-2825.550148875115,-0.014363667195245478
GMDCLTD,momentum,2026-01-29,2026-01-30,602.9000244140625,574.3894929982046,574.3894929982046,338,203780.20825195312,509.4505206298828,stop,1,-1.0,-10146.010139189868,-0.04978898699841045
MUTHOOTFIN,momentum,2026-01-29,2026-01-30,3966.4616478777757,3905.637982446529,3905.637982446529,51,202289.54404176655,505.7238601044164,stop,1,-1.0,-3607.7307970980037,-0.01783448973691452
SHRIRAMFIN,momentum,2026-01-13,2026-02-02,974.4876934931458,939.1416464174195,939.1416464174195,200,194897.53869862916,487.2438467465729,stop,12,-1.0,-7556.453261891842,-0.03877141452040816
BANKINDIA,momentum,2026-01-21,2026-02-02,155.907136395073,145.9919072146775,145.6811810183723,991,154503.97216751735,386.2599304187934,stop,7,-1.0313382767712072,-10520.18170872917,-0.06809004041218375
SBIN,momentum,2026-01-29,2026-02-02,1045.1609334664397,1022.0061985815178,1001.841784674364,195,203806.38202595574,509.51595506488934,stop,2,-1.870854881620111,-8956.749969519647,-0.043947347872447695
BHARATFORG,momentum,2026-02-05,2026-02-12,1566.6499656082156,1496.1776565012722,1707.5945838221023,125,195831.24570102696,489.5781142525674,target,5,2.0,17128.49916248328,0.0874656089796474
GMDCLTD,momentum,2026-02-05,2026-02-13,609.0,569.1848132691491,569.1848132691491,246,149814.0,374.535,stop,6,-1.0,-10169.070935789317,-0.06787797492750555
BPCL,momentum,2026-02-05,2026-02-19,382.5,366.05955457697104,366.05955457697104,512,195840.0,489.6,stop,10,-1.0,-8907.108056590829,-0.04548155666151363
JKTYRE,momentum,2026-02-12,2026-02-20,576.2024589916322,543.453793159191,543.453793159191,304,175165.54753345618,437.91386883364044,stop,6,-1.0,-10393.508281895745,-0.05933534549601206
SHRIRAMFIN,momentum,2026-02-05,2026-02-25,988.4088952423629,939.5856664741758,1086.055352778737,198,195704.96125798786,489.26240314496965,target,14,2.0,18844.7361890571,0.09629156086756047
MAHABANK,momentum,2026-02-19,2026-02-25,66.4862321538549,64.01990449535074,71.41888747086321,2942,195602.49499664112,489.0062374916028,target,4,2.0,14022.865705146849,0.07169062800240687
NAVINFLUOR,momentum,2026-02-05,2026-03-02,6289.9327691690805,5922.756714588048,5922.756714588048,26,163538.2519983961,408.84562999599024,stop,17,-1.0,-9955.423049102825,-0.06087519542033788
SHRIRAMFIN,momentum,2026-02-26,2026-03-02,1092.8183428904563,1055.4771854007129,1038.1276453013659,183,199985.75674895348,499.9643918723837,stop,2,-1.4646224505523815,-10508.362050675927,-0.05254555235084719
GRAPHITE,momentum,2026-02-26,2026-03-02,720.7873644694366,677.7335412003872,677.5618371357067,232,167222.6685569093,418.0566713922733,stop,2,-1.0039881258304868,-10446.379012817617,-0.06246987386917881
AJANTPHARM,momentum,2026-02-26,2026-03-02,2977.919638308785,2854.1992917255566,2804.3099950814853,67,199520.6157666886,498.8015394167215,stop,2,-1.403242457864519,-12130.647635645806,-0.060798968512762105
UNIONBANK,momentum,2026-02-19,2026-03-09,183.9198420636495,175.62460260918664,175.62460260918664,1063,195506.7921136594,488.76698028414853,stop,11,-1.0,-9306.606520378167,-0.04760247160603862
ACUTAAS,momentum,2026-03-06,2026-03-09,2163.5,2125.317406836975,2125.317406836975,88,190388.0,475.97,stop,1,-1.0,-3836.0381983462094,-0.02014852931038831
AMBER,reversal,2026-03-06,2026-03-09,7700.0,7390.538752139604,7390.538752139604,24,184800.0,462.0,stop,1,-1.0,-7889.0699486495,-0.04268977244940205
GESHIP,momentum,2026-03-06,2026-03-09,1385.480384299414,1325.562836873025,1325.562836873025,138,191196.29303331915,477.99073258329787,stop,1,-1.0,-8746.612277424992,-0.04574676704584826
KIRLOSENG,momentum,2026-03-06,2026-03-12,1511.8036542554023,1415.256114535138,1415.256114535138,99,149668.56177128482,374.17140442821204,stop,4,-1.0,-9932.377836734373,-0.0663624860103385
GESHIP,momentum,2026-03-13,2026-03-16,1424.7848904082546,1357.156665942771,1357.156665942771,128,182372.46597225658,455.93116493064144,stop,1,-1.0,-9112.343896512533,-0.04996556825578456
AJANTPHARM,momentum,2026-03-13,2026-03-20,2992.585374835723,2863.331002082614,2863.331002082614,61,182547.7078649791,456.3692696624478,stop,5,-1.0,-8340.886007602112,-0.04569154061233913
NTPC,momentum,2026-03-13,2026-03-23,380.3908568408736,366.1153732426931,366.1153732426931,482,183348.39299730107,458.37098249325265,stop,6,-1.0,-7339.15407681624,-0.04002846142711638
ABB,momentum,2026-03-13,2026-03-23,6299.76781119331,6000.365301828859,6000.365301828859,29,182693.266524606,456.73316631151505,stop,6,-1.0,-9139.405937880605,-0.05002595942226292
COALINDIA,momentum,2026-03-13,2026-03-24,455.083645150105,436.2803424491434,436.2803424491434,403,183398.7089954923,458.4967724887308,stop,7,-1.0,-8036.227760976248,-0.043818344223861286
CCL,momentum,2026-03-20,2026-03-30,1079.1933031108733,1028.0609606170535,1028.0609606170535,166,179146.08831640496,447.8652207910124,stop,5,-1.0,-8935.8340747651,-0.04988015177301986
EMCURE,momentum,2026-03-30,2026-04-02,1656.7778964369916,1495.4558600591404,1495.4558600591404,53,87809.22851116056,219.5230712779014,stop,2,-1.0,-8769.590999304015,-0.09987094919287896
TORNTPHARM,momentum,2026-03-30,2026-04-02,4269.115963011278,4057.3309718196297,4057.3309718196297,40,170764.63852045112,426.9115963011278,stop,2,-1.0,-8898.311243967059,-0.052108629286861274
CCL,momentum,2026-04-08,2026-04-13,1101.4314059370488,1053.0731463452507,1053.0731463452507,154,169620.4365143055,424.0510912857638,stop,3,-1.0,-7871.223068422664,-0.04640492166024357
ADANIENSOL,momentum,2026-04-08,2026-04-16,1073.199951171875,1005.7824981101294,1208.0348572953662,125,134149.99389648438,335.37498474121094,target,5,2.0,16518.988280695194,0.12313819628975847
OIL,momentum,2026-03-20,2026-04-23,474.7790740441903,448.3137262393149,472.932861328125,340,161424.88517502468,403.5622129375617,time,20,-0.06975962415748709,-1031.2745363997574,-0.006388572215997549
GRANULES,momentum,2026-03-30,2026-04-27,627.6924650099749,589.1008218897628,704.875751250399,224,140603.11216223438,351.50778040558595,target,17,2.0,16937.548337449432,0.12046353794719782
NATIONALUM,momentum,2026-03-30,2026-04-30,393.4848705575685,357.50368747135695,396.3135681152344,240,94436.36893381644,236.09092233454112,time,20,0.07861602412817421,442.79649150526575,0.004688834360156197
ONGC,momentum,2026-03-30,2026-04-30,288.77118670105233,271.40138376576294,298.28070068359375,499,144096.8221638251,360.24205540956274,time,20,0.5474739130874884,4385.005421878606,0.03043096548578462
RRKABEL,momentum,2026-04-30,2026-05-07,1605.951761320901,1473.2224815684056,1871.4103208258916,66,105992.81624717946,264.98204061794866,target,4,2.0,17255.282886711437,0.162796720548225
KIRLOSENG,momentum,2026-04-30,2026-05-12,1697.5109717817782,1595.6241433675223,1595.6241433675223,86,145985.94357323291,364.96485893308227,stop,7,-1.0,-9127.23210255909,-0.06252130773111367
SAIL,momentum,2026-04-30,2026-05-12,185.25,175.8567221259458,175.8567221259458,935,173208.75,433.021875,stop,7,-1.0,-9215.736687240684,-0.05320595343619005
TARIL,reversal,2026-04-16,2026-05-15,322.0,244.9621808999053,300.79998779296875,111,35742.0,89.355,time,20,-0.2751896724839292,-2442.5563549804688,-0.06833854722680513
J&KBANK,momentum,2026-04-16,2026-05-15,133.0,123.8920194636001,130.6999969482422,941,125153.0,312.8825,time,20,-0.25252612723159523,-2477.1853717041017,-0.01979325602825423
PFC,momentum,2026-04-16,2026-05-15,450.85566009648636,426.11999921671344,436.8889465332031,346,155996.05839338427,389.9901459834607,time,20,-0.564638787343023,-5222.473038879461,-0.033478237159747
TATASTEEL,momentum,2026-05-15,2026-05-18,206.73650747568587,204.88908355151767,204.88908355151767,839,173451.92977210044,433.6298244302511,stop,1,-1.0,-1983.6184968073685,-0.01143612815039681
NMDC,momentum,2026-05-15,2026-05-20,90.87000274658203,87.49113782870936,87.49113782870936,1909,173470.8352432251,433.6770881080628,stop,3,-1.0,-6883.930216327001,-0.03968350187900449
ACMESOLAR,reversal,2026-04-23,2026-05-22,309.8999938964844,252.34026310426802,290.20001220703125,148,45865.19909667969,114.66299774169921,time,20,-0.342252846188035,-3030.2602877807617,-0.06606883535800744
ENGINERSIN,reversal,2026-04-23,2026-05-22,243.5,183.6969241457767,216.0,143,34820.5,87.05125,time,20,-0.45984256841628574,-4019.55125,-0.11543634496919918
FINCABLES,reversal,2026-04-23,2026-05-22,961.552985921067,741.7832387578238,1023.9088745117188,38,36539.01346500055,91.34753366250138,time,20,0.28373281307155646,2278.1762327822635,0.06234914456473898
GRAPHITE,momentum,2026-05-15,2026-05-29,764.5074339237124,717.3222876614825,717.3222876614825,183,139904.86040803936,349.7621510200984,stop,9,-1.0,-8984.643917008165,-0.06421966964409966
THERMAX,momentum,2026-05-22,2026-05-29,4436.480740684607,4158.332619794798,4992.776982464224,30,133094.4222205382,332.7360555513455,target,4,2.0,16356.151197837165,0.1228913347753592
KIRLOSENG,momentum,2026-05-15,2026-06-01,1735.3310476505055,1614.7918918993496,1976.4093591528174,71,123208.5043831859,308.0212609579647,target,10,2.0,16808.538855706178,0.1364235280661358
PREMIERENE,reversal,2026-05-08,2026-06-08,1011.5999755859375,940.3255012242028,1090.5,125,126449.99694824219,316.12499237060547,time,20,1.1069885133578998,9546.378059387207,0.0754952810579717
POWERINDIA,momentum,2026-06-01,2026-06-09,36291.335869623275,34150.550465231645,34150.550465231645,4,145165.3434784931,362.91335869623276,stop,6,-1.0,-8926.054976262754,-0.06148888407090904
APARINDS,momentum,2026-05-22,2026-06-11,12787.603427984777,11996.281593013387,14370.247097927557,10,127876.03427984778,319.69008569961943,target,13,2.0,15506.746613728175,0.12126389984688407
ADANIPOWER,momentum,2026-06-01,2026-06-11,230.0,218.17608303097123,218.17608303097123,742,170660.0,426.65000000000003,stop,8,-1.0,-9199.99639101935,-0.05390833464795119
TRITURBINE,reversal,2026-05-22,2026-06-22,704.5059617731823,524.9314305425895,734.7509765625,47,33111.78020333957,82.77945050834893,time,20,0.1684259709996395,1338.736244589582,0.04043081454299338
LLOYDSME,momentum,2026-05-22,2026-06-22,1749.4544734797946,1651.41425610924,1785.5999755859375,87,152202.53919274214,380.50634798185536,time,20,0.3686803546092379,2764.1523352525755,0.018161013278183112
KPRMILL,reversal,2026-06-01,2026-06-24,977.8015669548478,865.8910023875375,1257.5779783731236,78,76268.52222247813,190.67130555619534,target,17,2.500000000000001,21631.88878506932,0.283628004774608
OFSS,reversal,2026-06-01,2026-06-30,10290.0,8477.892212075096,10775.5,4,41160.0,102.9,time,20,0.2679200449527121,1839.1,0.04468172983479106
NEULANDLAB,reversal,2026-06-15,2026-07-03,16958.657954808783,16083.620778707886,19146.250895061028,10,169586.57954808784,423.9664488702196,target,13,2.500000000000002,21451.962953652233,0.12649564022587842
CEMPRO,reversal,2026-06-08,2026-07-07,1113.450642617415,794.2552620956762,1494.0,27,30063.167350670206,75.15791837667551,time,20,1.1922144886951698,10199.674730953118,0.33927478804809746
ATGL,reversal,2026-06-08,2026-07-07,739.7416682936757,575.1766546982064,711.2000122070312,53,39206.30841956481,98.01577104891203,time,20,-0.1734369624688578,-1610.7235436410695,-0.0410832748241424
ABDL,reversal,2026-06-08,2026-07-07,560.5464133954713,490.17519104630935,686.0,126,70628.84808782938,176.57212021957343,time,20,1.7827399101022259,15630.579791951044,0.22130588584021485
TRITURBINE,reversal,2026-06-22,2026-07-08,729.4693097741805,618.5292694499905,618.5292694499905,80,58357.54478193444,145.8938619548361,stop,11,-1.0,-9021.097087890037,-0.15458321835847127
ELECON,reversal,2026-06-15,2026-07-10,567.0499877929688,482.3931113749619,482.3931113749619,104,58973.19873046875,147.4329968261719,stop,18,-1.0,-8951.748144298885,-0.15179349835188652
SCHNEIDER,momentum,2026-07-07,2026-07-13,1484.800048828125,1384.3584722005598,1384.3584722005598,95,141056.00463867188,352.6400115966797,stop,4,-1.0,-9894.589791215369,-0.07014653375842655
DEEPAKFERT,reversal,2026-06-15,2026-07-14,1505.531073426715,1303.5367485299248,1531.5535888671875,43,64737.83615734875,161.84459039337187,time,20,0.12882795322971968,957.1235735469452,0.014784608667188157
WOCKPHARMA,reversal,2026-06-22,2026-07-21,2024.0,1766.8174325235916,1896.300048828125,34,68816.0,172.04,time,20,-0.4965342419003148,-4513.83833984375,-0.06559286125092638
GRANULES,momentum,2026-07-07,2026-07-27,861.505388217283,823.5589005049013,823.5589005049013,222,191254.19618423682,478.13549046059205,stop,14,-1.0,-8902.255762609322,-0.046546721275771134
CAPLIPOINT,reversal,2026-06-30,2026-07-28,2652.0,2074.728266802997,2588.300048828125,15,39780.0,99.45,time,20,-0.11034656212785046,-1054.949267578125,-0.026519589431325416
BLUEJET,reversal,2026-06-30,2026-07-28,524.4038837207803,439.0764208794087,570.7570190429688,106,55586.811674402714,138.96702918600678,time,20,0.5432381765336379,4774.465314965969,0.08589205193009068
SOLARINDS,momentum,2026-07-21,2026-07-28,19033.753626891805,18191.37048567271,18191.37048567271,9,171303.78264202626,428.2594566050657,stop,5,-1.0,-8009.707727576927,-0.04675733135627731
WELCORP,momentum,2026-07-07,2026-08-03,1540.0,1458.1228112091187,1703.7543775817626,117,180180.0,450.45,target,19,2.0,18708.812177066222,0.10383401141672895
NAUKRI,reversal,2026-07-07,2026-08-04,1168.3937315289706,932.3308782068397,1260.0,40,46735.749261158824,116.83937315289707,time,20,0.3880588037543695,3547.411365688277,0.07590359460945803
SAILIFE,momentum,2026-07-14,2026-08-06,1275.0,1207.7137066451596,1409.5725867096808,138,175950.0,439.875,target,17,2.0,18131.141965935945,0.10304712683112217
SUNPHARMA,momentum,2026-07-28,2026-08-06,1977.0,1930.1668346567465,1930.0,92,181884.0,454.71000000000004,stop,7,-1.0035623186159568,-4778.71,-0.02627339403136065
CARTRADE,reversal,2026-07-14,2026-08-11,2915.0,2483.9577580023893,2763.60009765625,21,61215.0,153.0375,time,20,-0.3512414505875487,-3332.43544921875,-0.054438216927530016
RAINBOW,momentum,2026-08-04,2026-08-11,1575.0,1514.658222901061,1514.658222901061,118,185850.0,464.625,stop,5,-1.0,-7584.954697674804,-0.04081223942789779
BELRISE,momentum,2026-08-11,2026-08-17,255.0,243.54265039637284,243.54265039637284,735,187425.0,468.5625,stop,4,-1.0,-8889.714458665967,-0.04743078275932222
AJANTPHARM,momentum,2026-08-18,2026-08-24,3706.39990234375,3561.6911605464265,3561.6911605464265,50,185319.9951171875,463.29998779296875,stop,4,-1.0,-7698.7370776591415,-0.04154293805582516
SAREGAMA,momentum,2026-07-28,2026-08-25,522.0,492.9793036293552,504.70001220703125,314,163908.0,409.77,time,20,-0.5961258672782273,-5841.966166992188,-0.03564173906698995
JINDALSAW,momentum,2026-08-11,2026-08-26,273.5,260.2993013803278,299.9013972393444,686,187621.0,469.0525,target,11,2.0,17642.30600619027,0.09403161696286806
NAUKRI,reversal,2026-08-04,2026-09-01,1265.9000244140625,1121.9940743867062,1356.0,65,82283.50158691406,205.70875396728516,time,20,0.6261031984348779,5650.789659118653,0.06867463768723868
ECLERX,reversal,2026-08-04,2026-09-01,1923.8334683618102,1617.3417465214009,1973.800048828125,30,57715.00405085431,144.2875101271358,time,20,0.16302750418927284,1354.7099038623076,0.023472404206515078
RRKABEL,momentum,2026-08-11,2026-09-02,2835.0,2660.6226255630104,2660.6226255630104,53,150255.0,375.6375,stop,16,-1.0,-9617.63834516045,-0.0640087740518482
KALYANKJIL,reversal,2026-08-11,2026-09-08,602.5414667237706,546.0629150944617,610.1105346679688,166,100021.88347614591,250.0547086903648,time,20,0.13401667935603218,1006.4105700465357,0.010061903806146114
